City_ID,City,Country,Date,Lat,Lng,Max Temp,Humidity,Cloudiness,Wind Speed
0,Qaanaaq,GL,2021-09-30 21:05:43,77.484,-69.3632,26.49,88,100,11.45
1,Belyy Yar,RU,2021-09-30 21:05:44,53.6039,91.3903,44.49,93,40,6.71
2,Klaksvik,FO,2021-09-30 21:05:44,62.2266,-6.589,52.72,92,99,23.71
3,Viedma,AR,2021-09-30 21:05:44,-40.8135,-62.9967,67.98,19,3,12.55
4,Hobyo,SO,2021-09-30 21:05:45,5.3505,48.5268,78.13,89,98,20.76
5,Mar Del Plata,AR,2021-09-30 21:04:47,-38.0023,-57.5575,61.0,46,100,8.99
6,Punta Arenas,CL,2021-09-30 21:05:45,-53.15,-70.9167,44.11,52,94,19.91
7,Charters Towers,AU,2021-09-30 21:05:45,-20.1,146.2667,67.39,87,91,9.31
8,Tasiilaq,GL,2021-09-30 21:03:15,65.6145,-37.6368,35.76,82,2,7.2
9,Stromness,GB,2021-09-30 21:05:46,58.965,-3.296,53.56,84,39,10.0
10,Guerrero Negro,MX,2021-09-30 21:02:09,27.9769,-114.0611,74.39,53,0,11.5
11,Rikitea,PF,2021-09-30 21:03:02,-23.1203,-134.9692,72.79,73,2,18.97
12,Kyabram,AU,2021-09-30 21:05:47,-36.3167,145.05,52.88,98,67,6.38
13,Butaritari,KI,2021-09-30 21:03:28,3.0707,172.7902,81.68,76,100,12.26
14,Cherskiy,RU,2021-09-30 21:05:47,68.75,161.3,11.46,98,99,5.53
15,Ostrovnoy,RU,2021-09-30 21:05:47,68.0531,39.5131,42.62,87,100,5.55
16,Ushuaia,AR,2021-09-30 21:01:39,-54.8,-68.3,42.1,60,100,4.45
17,Izvoarele Sucevei,RO,2021-09-30 21:05:48,47.75,25.1833,41.0,88,100,3.24
18,Tevaitoa,PF,2021-09-30 21:05:48,-16.7833,-151.5,78.87,73,7,17.45
19,Cape Town,ZA,2021-09-30 21:01:11,-33.9258,18.4232,61.27,76,0,9.46
20,Bluff,NZ,2021-09-30 21:03:26,-46.6,168.3333,50.81,81,65,20.49
21,Vestmannaeyjar,IS,2021-09-30 21:03:04,63.4427,-20.2734,42.58,74,100,20.83
22,Albany,US,2021-09-30 21:05:21,42.6001,-73.9662,57.81,84,98,7.14
23,Coquimbo,CL,2021-09-30 21:01:23,-29.9533,-71.3436,60.12,63,0,10.07
24,Jamestown,US,2021-09-30 21:05:49,42.097,-79.2353,60.12,69,75,5.99
25,Vaini,TO,2021-09-30 21:03:10,-21.2,-175.2,72.61,75,100,15.79
26,Karratha,AU,2021-09-30 21:05:50,-20.7377,116.8463,72.07,57,9,13.85
27,Ballina,AU,2021-09-30 21:05:11,-28.8667,153.5667,63.79,83,100,7.52
28,Upernavik,GL,2021-09-30 21:02:57,72.7868,-56.1549,32.72,85,100,13.82
29,Mataura,NZ,2021-09-30 21:05:50,-46.1927,168.8643,50.49,76,100,4.16
30,Longyearbyen,SJ,2021-09-30 21:03:14,78.2186,15.6401,31.84,93,40,2.3
31,Kaitangata,NZ,2021-09-30 21:03:46,-46.2817,169.8464,52.93,64,96,11.12
32,Carnarvon,AU,2021-09-30 21:05:51,-24.8667,113.6333,69.87,88,75,10.36
33,Puerto Madryn,AR,2021-09-30 21:05:52,-42.7692,-65.0385,64.31,28,98,27.96
34,Pavlodar,KZ,2021-09-30 21:05:52,52.3,76.95,39.0,93,90,8.95
35,Hilo,US,2021-09-30 21:05:52,19.7297,-155.09,79.79,94,90,5.75
36,Barrow,US,2021-09-30 21:01:36,71.2906,-156.7887,30.22,69,75,11.5
37,La Ronge,CA,2021-09-30 21:05:53,55.1001,-105.2842,64.8,34,81,11.68
38,Chulym,RU,2021-09-30 21:05:53,55.0997,80.9572,36.3,94,98,6.2
39,Hambantota,LK,2021-09-30 21:05:53,6.1241,81.1185,79.14,94,40,3.44
40,Saskylakh,RU,2021-09-30 21:05:54,71.9167,114.0833,18.3,95,98,2.08
41,Svetlaya,RU,2021-09-30 21:05:54,46.5389,138.3297,50.49,71,13,3.85
42,Port Alfred,ZA,2021-09-30 21:05:55,-33.5906,26.891,63.32,93,22,6.38
43,Geraldton,AU,2021-09-30 21:05:55,-28.7667,114.6,64.81,94,90,17.27
44,Arlit,NE,2021-09-30 21:05:55,18.7369,7.3853,92.91,9,46,14.05
45,Lasa,IT,2021-09-30 21:05:56,46.6166,10.7002,57.02,95,51,2.13
46,Yunyang,CN,2021-09-30 21:05:56,33.4474,112.7142,67.24,86,0,2.64
47,Castro,BR,2021-09-30 21:03:51,-24.7911,-50.0119,70.72,59,43,10.71
48,Kars,TR,2021-09-30 21:03:39,40.602,43.095,45.45,90,76,2.64
49,Auki,SB,2021-09-30 21:05:56,-8.7676,160.7034,80.55,78,99,3.8
50,Lebu,CL,2021-09-30 21:05:57,-37.6167,-73.65,53.65,69,53,10.29
51,Mogadishu,SO,2021-09-30 21:05:57,2.0371,45.3438,78.24,89,90,16.04
52,Hermanus,ZA,2021-09-30 21:05:57,-34.4187,19.2345,61.9,81,62,12.15
53,Waipawa,NZ,2021-09-30 21:05:58,-41.4122,175.5153,52.03,67,7,2.1
54,Deputatskiy,RU,2021-09-30 21:05:58,69.3,139.9,10.27,86,100,3.42
55,Gawler,AU,2021-09-30 21:05:58,-34.6,138.7333,55.9,96,100,14.0
56,Tiksi,RU,2021-09-30 21:03:24,71.6872,128.8694,28.92,77,72,5.88
57,Atuona,PF,2021-09-30 21:05:59,-9.8,-139.0333,78.12,69,7,17.67
58,Hobart,AU,2021-09-30 21:05:59,-42.8794,147.3294,55.11,96,75,1.01
59,Mangai,CD,2021-09-30 21:06:00,-4.05,19.5333,69.94,99,83,2.62
60,Beringovskiy,RU,2021-09-30 21:06:00,63.05,179.3167,31.01,80,100,16.17
61,Georgetown,MY,2021-09-30 21:06:00,5.4112,100.3354,82.33,88,20,2.3
62,Port Elizabeth,ZA,2021-09-30 21:05:50,-33.918,25.5701,63.1,96,87,6.53
63,Chumikan,RU,2021-09-30 21:06:01,54.7183,135.315,41.94,73,100,18.9
64,Jequie,BR,2021-09-30 21:02:31,-13.8575,-40.0836,80.69,53,0,9.24
65,Puerto Ayora,EC,2021-09-30 21:05:33,-0.7393,-90.3518,71.71,86,67,9.28
66,Presidencia Roque Saenz Pena,AR,2021-09-30 21:06:01,-26.7852,-60.4388,100.74,26,22,5.88
67,Olafsvik,IS,2021-09-30 21:04:56,64.8945,-23.7142,44.8,71,100,25.32
68,Dingle,PH,2021-09-30 21:03:22,10.9995,122.6711,75.43,91,79,1.54
69,Severo-Kurilsk,RU,2021-09-30 21:06:02,50.6789,156.125,47.77,97,100,18.07
70,Souillac,MU,2021-09-30 21:04:05,-20.5167,57.5167,72.36,76,57,12.73
71,Grand Gaube,MU,2021-09-30 21:06:03,-20.0064,57.6608,72.37,73,5,8.01
72,Abashiri,JP,2021-09-30 21:06:03,44.0213,144.2697,58.95,94,0,4.23
73,Avera,US,2021-09-30 21:06:04,33.194,-82.5271,86.72,48,99,2.13
74,New Norfolk,AU,2021-09-30 21:06:04,-42.7826,147.0587,54.75,74,100,1.01
75,Norman Wells,CA,2021-09-30 21:06:05,65.282,-126.8329,38.7,83,100,8.01
76,Umarkot,PK,2021-09-30 21:06:05,25.3616,69.7362,82.2,79,100,11.23
77,Valdivia,CL,2021-09-30 21:02:25,-39.8142,-73.2459,50.77,86,78,4.14
78,Santa Maria,BR,2021-09-30 21:02:55,-29.6842,-53.8069,68.5,97,100,5.37
79,Broome,US,2021-09-30 21:04:45,42.2506,-75.833,59.05,69,90,1.01
80,Salym,RU,2021-09-30 21:06:06,60.0625,71.4789,34.7,96,100,11.74
81,Kahului,US,2021-09-30 21:06:06,20.8947,-156.47,78.96,91,23,11.01
82,Pocosol,CR,2021-09-30 21:06:07,10.3667,-84.6167,77.9,83,63,2.46
83,Bay Saint Louis,US,2021-09-30 21:06:07,30.3088,-89.33,84.27,75,75,10.36
84,Natal,BR,2021-09-30 21:01:48,-5.795,-35.2094,78.17,77,6,11.41
85,Chanute,US,2021-09-30 21:06:07,37.6792,-95.4572,76.89,88,20,8.05
86,Tateyama,JP,2021-09-30 21:06:08,34.9833,139.8667,70.02,92,100,27.51
87,Baykit,RU,2021-09-30 21:06:08,61.67,96.37,30.22,94,16,2.35
88,Busselton,AU,2021-09-30 21:06:08,-33.65,115.3333,61.05,89,50,17.13
89,Porto Novo,BJ,2021-09-30 21:05:10,6.4965,2.6036,76.84,86,96,4.07
90,Kavaratti,IN,2021-09-30 21:06:09,10.5669,72.642,81.82,78,99,13.91
91,Lufilufi,WS,2021-09-30 21:06:10,-13.8745,-171.5986,76.78,77,79,23.69
92,Taree,AU,2021-09-30 21:06:10,-31.9,152.4667,61.07,80,100,3.76
93,Biak,ID,2021-09-30 21:06:10,-0.9131,122.8766,75.78,86,67,4.05
94,Chokurdakh,RU,2021-09-30 21:06:11,70.6333,147.9167,13.69,92,63,9.13
95,Matara,LK,2021-09-30 21:06:11,5.9485,80.5353,77.04,92,88,7.99
96,Sobolevo,RU,2021-09-30 21:06:12,54.4299,31.8996,39.43,89,91,5.48
97,Sao Jose Da Coroa Grande,BR,2021-09-30 21:06:12,-8.8978,-35.1478,75.72,86,23,8.55
98,Nikolskoye,RU,2021-09-30 21:06:12,59.7035,30.7861,44.49,93,11,4.61
99,Tessalit,ML,2021-09-30 21:06:13,20.1986,1.0114,87.04,9,9,11.45
100,Agirish,RU,2021-09-30 21:06:13,61.9247,63.0231,31.41,92,38,6.71
101,Kavieng,PG,2021-09-30 21:06:13,-2.5744,150.7967,81.99,79,88,11.41
102,Cidreira,BR,2021-09-30 21:06:14,-30.1811,-50.2056,65.41,77,100,26.44
103,Nome,US,2021-09-30 21:04:00,64.5011,-165.4064,34.16,74,35,12.53
104,Kaeo,NZ,2021-09-30 21:06:14,-35.1,173.7833,61.32,68,43,6.44
105,Mayor Pablo Lagerenza,PY,2021-09-30 21:06:15,-19.9309,-60.7718,108.37,16,1,12.95
106,Alghero,IT,2021-09-30 21:06:15,40.5589,8.3181,64.49,94,0,1.14
107,Pafos,CY,2021-09-30 21:04:04,34.7667,32.4167,71.51,78,0,5.75
108,Chuy,UY,2021-09-30 21:06:16,-33.6971,-53.4616,58.95,92,100,13.91
109,Petropavlovsk-Kamchatskiy,RU,2021-09-30 21:06:16,53.0452,158.6483,45.19,93,75,2.24
110,Kralendijk,BQ,2021-09-30 21:06:16,12.15,-68.2667,84.29,71,77,11.74
111,Along,IN,2021-09-30 21:06:17,28.1667,94.7667,72.66,99,60,0.6
112,Victoria Point,AU,2021-09-30 21:06:17,-27.5833,153.3,67.17,91,100,1.01
113,La Dorada,CO,2021-09-30 21:06:17,5.4478,-74.6631,82.26,67,99,4.74
114,Ancud,CL,2021-09-30 21:01:38,-41.8697,-73.8203,49.19,54,11,8.14
115,College,US,2021-09-30 21:06:18,64.8569,-147.8028,33.58,71,99,4.29
116,Kununurra,AU,2021-09-30 21:06:18,-15.7667,128.7333,73.38,88,10,3.44
117,Araouane,ML,2021-09-30 21:06:19,18.9048,-3.5265,96.01,20,65,9.46
118,Miri,MY,2021-09-30 21:06:19,4.4148,114.0089,77.11,91,100,2.82
119,Nemuro,JP,2021-09-30 21:06:20,43.3236,145.575,61.23,94,81,6.55
120,Provideniya,RU,2021-09-30 21:06:20,64.3833,-173.3,35.71,60,75,13.42
121,East London,ZA,2021-09-30 21:06:20,-33.0153,27.9116,63.86,92,59,7.02
122,Sabinov,SK,2021-09-30 21:06:21,49.1031,21.0988,48.83,94,100,3.83
123,Carauari,BR,2021-09-30 21:06:21,-4.8828,-66.8958,78.04,84,98,1.36
124,Half Moon Bay,US,2021-09-30 21:06:21,37.4636,-122.4286,92.25,20,1,0.0
125,Gupitan,PH,2021-09-30 21:06:22,7.7758,125.6406,73.62,95,61,1.25
126,Nuevo Progreso,MX,2021-09-30 21:06:22,23.1667,-97.95,86.59,67,100,7.63
127,Caravelas,BR,2021-09-30 21:04:17,-17.7125,-39.2481,75.43,82,5,8.81
128,Tabou,CI,2021-09-30 21:06:23,4.423,-7.3528,77.27,87,51,5.77
129,Tezu,IN,2021-09-30 21:06:23,27.9167,96.1667,73.22,93,7,3.02
130,Tokmak,UA,2021-09-30 21:06:23,47.2514,35.7058,48.61,47,0,10.78
131,Palmer,US,2021-09-30 21:06:24,42.1584,-72.3287,60.4,59,75,1.99
132,Leningradskiy,RU,2021-09-30 21:06:24,69.3833,178.4167,24.58,94,100,12.57
133,San Cristobal,VE,2021-09-30 21:06:25,7.7669,-72.225,78.84,60,69,5.46
134,Comodoro Rivadavia,AR,2021-09-30 21:06:25,-45.8667,-67.5,52.86,44,61,16.37
135,Loreto,MX,2021-09-30 21:06:25,22.2667,-101.9667,76.69,40,49,4.09
136,Ponta Do Sol,PT,2021-09-30 21:06:26,32.6667,-17.1,72.72,76,5,9.13
137,Mimongo,GA,2021-09-30 21:06:26,-1.6195,11.6068,70.75,97,100,1.3
138,Thinadhoo,MV,2021-09-30 21:06:26,0.5333,72.9333,81.75,71,87,5.26
139,San Patricio,US,2021-09-30 21:06:27,28.017,-97.5169,93.61,57,97,12.57
140,Bage,BR,2021-09-30 21:06:27,-31.3314,-54.1069,58.8,96,100,10.2
141,Stilfontein,ZA,2021-09-30 21:06:27,-26.8449,26.7683,67.86,52,100,10.18
142,Pangnirtung,CA,2021-09-30 21:06:28,66.1451,-65.7125,30.2,100,90,6.91
143,Jonkoping,SE,2021-09-30 21:06:28,57.7814,14.1562,54.39,100,90,14.97
144,Thompson,CA,2021-09-30 21:03:17,55.7435,-97.8558,65.93,40,19,4.72
145,Saint-Pierre,RE,2021-09-30 21:06:29,-21.3393,55.4781,71.28,72,90,5.75
146,Menongue,AO,2021-09-30 21:06:29,-14.6585,17.691,72.36,39,86,6.33
147,Vila Velha,BR,2021-09-30 21:06:29,-20.3297,-40.2925,66.94,86,37,8.03
148,Aswan,EG,2021-09-30 21:06:30,24.0934,32.907,82.27,31,0,13.69
149,Kruisfontein,ZA,2021-09-30 21:06:30,-34.0033,24.7314,60.89,99,100,5.91
150,Clyde River,CA,2021-09-30 21:06:30,70.4692,-68.5914,35.46,71,100,5.08
151,Iqaluit,CA,2021-09-30 21:06:31,63.7506,-68.5145,29.93,100,75,3.0
152,Isla Vista,US,2021-09-30 21:06:31,34.4133,-119.861,95.07,18,1,8.05
153,Kenai,US,2021-09-30 21:06:31,60.5544,-151.2583,44.1,65,100,16.33
154,Beidao,CN,2021-09-30 21:06:32,34.5686,105.8933,61.52,90,3,1.83
155,Krasnoselkup,RU,2021-09-30 21:06:32,65.7,82.4667,30.49,97,100,14.38
156,Hasaki,JP,2021-09-30 21:03:12,35.7333,140.8333,70.29,90,100,21.52
157,Otavi,NA,2021-09-30 21:06:32,-19.65,17.3333,71.44,16,0,15.82
158,Mahebourg,MU,2021-09-30 21:06:33,-20.4081,57.7,72.25,76,25,13.58
159,Kapaa,US,2021-09-30 21:06:33,22.0752,-159.319,81.19,71,37,5.01
160,Ozinki,RU,2021-09-30 21:06:33,51.1786,49.6769,42.46,62,55,4.09
161,Gushikawa,JP,2021-09-30 21:06:34,26.3544,127.8686,81.63,74,48,16.08
162,Kamenka,RU,2021-09-30 21:06:34,51.3223,42.7678,44.82,64,69,4.9
163,Tadine,NC,2021-09-30 21:06:34,-21.55,167.8833,73.9,77,59,17.18
164,Daru,PG,2021-09-30 21:06:35,-9.0763,143.2092,78.12,90,100,12.62
165,Cockburn Town,TC,2021-09-30 21:06:35,21.4612,-71.1419,83.16,70,0,11.74
166,Avarua,CK,2021-09-30 21:06:35,-21.2078,-159.775,80.65,74,20,13.8
167,Bengkulu,ID,2021-09-30 21:06:36,-3.8004,102.2655,74.53,88,100,3.31
168,Faanui,PF,2021-09-30 21:06:36,-16.4833,-151.75,79.27,73,1,17.6
169,Yellowknife,CA,2021-09-30 21:06:36,62.456,-114.3525,51.42,93,100,1.01
170,Taoudenni,ML,2021-09-30 21:06:37,22.6783,-3.9836,96.22,9,83,12.64
171,Pontianak,ID,2021-09-30 21:06:37,-0.0333,109.3333,75.18,100,75,1.14
172,Alofi,NU,2021-09-30 21:06:37,-19.0595,-169.9187,76.48,72,45,16.93
173,Vardo,NO,2021-09-30 21:06:38,70.3705,31.1107,42.55,85,17,13.94
174,Palencia,ES,2021-09-30 21:06:38,42.4167,-4.5,57.79,50,77,3.47
175,Lensk,RU,2021-09-30 21:06:39,60.7253,114.9278,31.08,95,93,4.16
176,Laela,TZ,2021-09-30 21:06:39,-8.5667,32.05,70.72,43,62,3.24
177,Pascagoula,US,2021-09-30 21:04:15,30.3658,-88.5561,82.62,77,100,8.3
178,Isangel,VU,2021-09-30 21:06:39,-19.55,169.2667,73.47,87,100,13.56
179,Toora-Khem,RU,2021-09-30 21:06:40,52.4675,96.11,32.72,82,100,2.64
180,Nichinan,JP,2021-09-30 21:05:10,31.6,131.3667,72.93,82,0,3.78
181,Cabot,US,2021-09-30 21:06:40,34.9745,-92.0165,80.96,73,90,4.61
182,Dikson,RU,2021-09-30 21:03:09,73.5069,80.5464,33.87,83,100,21.85
183,Praia,CV,2021-09-30 21:06:41,14.9215,-23.5087,81.14,78,75,11.5
184,Yar,RU,2021-09-30 21:06:41,58.249,52.1026,43.36,96,100,5.82
185,Bathsheba,BB,2021-09-30 21:06:41,13.2167,-59.5167,83.79,72,100,12.66
186,Rio Cuarto,AR,2021-09-30 21:05:53,-33.1307,-64.3499,61.83,31,13,15.17
187,Thohoyandou,ZA,2021-09-30 21:06:42,-22.9456,30.485,61.18,89,36,3.98
188,Ulaangom,MN,2021-09-30 21:06:42,49.9811,92.0667,37.36,73,100,2.01
189,Khatanga,RU,2021-09-30 21:04:02,71.9667,102.5,29.19,98,100,6.96
190,Axim,GH,2021-09-30 21:06:11,4.8699,-2.2405,77.31,88,82,7.58
191,Buchanan,LR,2021-09-30 21:06:43,5.8808,-10.0467,78.76,86,97,5.93
192,Marzuq,YE,2021-09-30 21:06:43,14.4,46.4667,77.13,49,100,5.48
193,Montrose,US,2021-09-30 21:06:43,38.4166,-108.2673,53.01,65,100,3.96
194,Mangaratiba,BR,2021-09-30 21:06:44,-22.9597,-44.0406,69.3,87,79,2.95
195,Taksimo,RU,2021-09-30 21:06:44,56.3444,114.8794,29.12,75,79,2.71
196,Fandriana,MG,2021-09-30 21:06:44,-20.2333,47.3833,54.77,92,15,2.15
197,Ossora,RU,2021-09-30 21:06:45,59.2353,163.0719,35.71,44,37,3.24
198,Ust-Tsilma,RU,2021-09-30 21:06:45,65.441,52.1498,39.06,83,100,2.42
199,Plessisville,CA,2021-09-30 21:06:45,46.2186,-71.762,57.99,75,86,3.98
200,San Sebastian,ES,2021-09-30 21:04:53,43.3128,-1.975,62.29,82,0,1.01
201,Harindanga,IN,2021-09-30 21:06:46,22.0383,88.3214,80.58,90,100,4.38
202,Zyryanskoye,RU,2021-09-30 21:06:46,56.8306,86.6258,37.17,95,100,6.55
203,Rafraf,TN,2021-09-30 21:06:46,37.1904,10.1837,71.91,65,38,16.58
204,Usinsk,RU,2021-09-30 21:03:26,65.9939,57.5281,32.43,82,95,7.67
205,Bukama,CD,2021-09-30 21:06:47,-9.2,25.85,75.18,72,96,2.48
206,Lagoa,PT,2021-09-30 21:04:16,39.05,-27.9833,70.74,85,57,4.79
207,Dejen,ET,2021-09-30 21:06:47,10.1667,38.1333,53.8,75,22,3.58
208,Veraval,IN,2021-09-30 21:06:48,20.9,70.3667,80.56,87,99,13.96
209,Merauke,ID,2021-09-30 21:06:48,-8.4667,140.3333,77.74,89,100,9.4
210,Bethel,US,2021-09-30 21:03:07,41.3712,-73.414,63.05,68,96,6.04
211,San Francisco,US,2021-09-30 21:05:00,37.7749,-122.4194,93.96,35,1,3.44
212,Mongoumba,CF,2021-09-30 21:06:48,3.6415,18.5936,70.36,98,100,2.46
213,Hami,CN,2021-09-30 21:06:49,42.8,93.45,62.91,34,0,9.01
214,Petropavlovka,RU,2021-09-30 21:06:49,50.6114,105.3196,31.66,71,16,2.84
215,Bredasdorp,ZA,2021-09-30 21:06:50,-34.5322,20.0403,55.27,97,63,6.04
216,Nueva Loja,EC,2021-09-30 21:06:50,0.0847,-76.8828,79.52,72,83,1.45
217,Eureka,US,2021-09-30 21:05:29,40.8021,-124.1637,74.19,71,48,5.01
218,San Bernardo,CL,2021-09-30 21:06:51,-33.6,-70.7167,69.17,27,1,8.14
219,Ugoofaaru,MV,2021-09-30 21:06:51,5.6667,73.0,81.91,76,79,10.8
220,Victoria,HK,2021-09-30 21:05:49,22.2855,114.1577,85.32,87,18,1.01
221,Preeceville,CA,2021-09-30 21:06:51,51.95,-102.6677,70.95,20,0,7.47
222,Khor,RU,2021-09-30 21:06:52,47.8861,134.9464,45.28,79,95,3.4
223,Byron Bay,AU,2021-09-30 21:06:52,-28.65,153.6167,67.05,83,100,11.45
224,Severomuysk,RU,2021-09-30 21:06:52,56.1481,113.4267,13.48,88,91,3.87
225,Kyra,RU,2021-09-30 21:06:53,49.5776,111.9753,25.83,82,3,3.38
226,Sambava,MG,2021-09-30 21:06:53,-14.2667,50.1667,69.22,88,19,8.61
227,Molina,CL,2021-09-30 21:06:53,-35.1167,-71.2833,62.28,49,74,4.43
228,Imeni Zhelyabova,RU,2021-09-30 21:06:54,58.9544,36.5956,45.3,80,100,2.91
229,Kodiak,US,2021-09-30 21:02:09,57.79,-152.4072,45.91,87,75,4.61
230,Zlobin,HR,2021-09-30 21:06:54,45.2924,14.6541,52.9,63,0,4.61
231,Ryabovo,RU,2021-09-30 21:06:55,59.4,31.1333,44.26,95,29,4.5
232,Lazaro Cardenas,MX,2021-09-30 21:06:55,17.9583,-102.2,84.34,72,46,7.0
233,Manta,EC,2021-09-30 21:06:13,-0.95,-80.7333,77.76,67,36,14.03
234,Wattegama,LK,2021-09-30 21:06:56,6.7989,81.4808,77.92,85,100,0.54
235,Ranong,TH,2021-09-30 21:06:56,9.9658,98.6348,77.58,89,99,1.66
236,Jasper,US,2021-09-30 21:03:30,37.2001,-94.3502,83.53,78,75,16.11
237,Poso,ID,2021-09-30 21:06:18,-1.3959,120.7524,77.2,80,64,4.65
238,Westport,US,2021-09-30 21:04:57,41.1415,-73.3579,65.25,59,90,4.0
239,Riom,FR,2021-09-30 21:06:57,45.9167,2.9167,39.85,79,5,2.8
240,Mumford,GH,2021-09-30 21:06:57,5.2618,-0.759,77.72,90,96,9.75
241,Marystown,CA,2021-09-30 21:06:31,47.1666,-55.1483,61.86,100,100,1.01
242,Narsaq,GL,2021-09-30 21:06:58,60.9167,-46.05,34.02,45,0,3.51
243,Beihai,CN,2021-09-30 21:06:58,21.4833,109.1,83.41,70,2,7.83
244,Payo,ID,2021-09-30 21:06:58,-3.7508,103.6372,71.74,95,100,2.19
245,Chokwe,MZ,2021-09-30 21:06:59,-24.5333,32.9833,70.54,79,92,5.39
246,Tazovskiy,RU,2021-09-30 21:04:48,67.4667,78.7,32.9,93,100,17.52
247,Acari,PE,2021-09-30 21:06:59,-15.4311,-74.6158,75.79,51,6,8.79
248,Sao Miguel Dos Campos,BR,2021-09-30 21:06:59,-9.7811,-36.0936,74.43,90,28,7.38
249,Puerto Santander,CO,2021-09-30 21:07:00,8.3636,-72.4063,90.93,51,38,4.83
250,Agadir,MA,2021-09-30 21:07:00,30.4202,-9.5982,79.25,29,1,3.71
251,Tulum,MX,2021-09-30 21:07:01,20.2167,-87.4667,87.98,63,20,6.62
252,Impfondo,CG,2021-09-30 21:07:01,1.6381,18.0667,70.39,99,100,3.09
253,Langxiang,CN,2021-09-30 21:05:19,46.95,128.8833,35.42,96,11,3.67
254,Camacha,PT,2021-09-30 21:07:02,33.0833,-16.3333,68.76,73,40,12.66
255,Ampanihy,MG,2021-09-30 21:04:40,-24.7,44.75,68.61,87,0,6.93
256,Padang,ID,2021-09-30 21:07:02,-0.9492,100.3543,76.14,83,100,3.2
257,Nurota,UZ,2021-09-30 21:07:03,40.5614,65.6886,50.88,43,39,13.58
258,Port Moresby,PG,2021-09-30 21:07:03,-9.4431,147.1797,76.57,92,99,4.12
259,Homer,US,2021-09-30 21:07:03,59.6425,-151.5483,44.8,58,100,17.0
260,Flinders,AU,2021-09-30 21:07:04,-34.5833,150.8552,59.2,93,100,1.01
261,Cayenne,GF,2021-09-30 21:07:04,4.9333,-52.3333,86.04,78,20,3.0
262,Pisco,PE,2021-09-30 21:04:08,-13.7,-76.2167,65.01,84,32,7.72
263,Kembe,CF,2021-09-30 21:07:05,4.6228,21.8865,70.2,99,100,2.46
264,Buckeye,US,2021-09-30 21:04:46,33.3703,-112.5838,91.69,30,0,0.43
265,Panlaitan,PH,2021-09-30 21:07:05,12.1191,119.8486,82.44,79,100,5.32
266,Tarata,BO,2021-09-30 21:07:05,-17.6167,-66.0167,73.08,37,0,17.6
267,Niamtougou,TG,2021-09-30 21:07:06,9.7681,1.1053,72.46,91,100,2.39
268,Kalmunai,LK,2021-09-30 21:07:06,7.4167,81.8167,80.19,79,100,1.48
269,Grand-Santi,GF,2021-09-30 21:03:23,4.25,-54.3833,81.68,69,100,4.07
270,San Andres,CO,2021-09-30 21:07:07,12.5847,-81.7006,83.55,75,56,12.06
271,Wakkanai,JP,2021-09-30 21:07:07,45.4094,141.6739,63.27,83,44,4.36
272,Okato,NZ,2021-09-30 21:07:07,-39.2,173.8833,52.43,80,100,11.27
273,Zhangye,CN,2021-09-30 21:07:08,38.9342,100.4517,60.46,22,1,5.23
274,Shumskiy,RU,2021-09-30 21:04:39,54.8318,99.1328,33.22,90,56,3.96
275,Aklavik,CA,2021-09-30 21:07:08,68.2191,-135.0107,23.09,89,82,3.53
276,Marsabit,KE,2021-09-30 21:07:08,2.3284,37.9899,70.03,60,96,23.78
277,Williams Lake,CA,2021-09-30 21:07:09,52.1415,-122.1445,62.96,30,100,12.35
278,Muzhi,RU,2021-09-30 21:07:09,65.3667,64.6667,33.66,80,12,11.74
279,Scarborough,GB,2021-09-30 21:07:09,54.2797,-0.4044,57.07,89,100,4.0
280,Moose Factory,CA,2021-09-30 21:07:10,51.2585,-80.6094,55.76,69,35,3.02
281,Ribeira Grande,PT,2021-09-30 21:07:10,38.5167,-28.7,72.32,83,16,2.53
282,Richards Bay,ZA,2021-09-30 21:07:10,-28.783,32.0377,66.6,86,100,5.41
283,Saldanha,ZA,2021-09-30 21:07:11,-33.0117,17.9442,58.5,88,0,8.81
284,Chapleau,CA,2021-09-30 21:07:11,47.8405,-83.4034,63.84,40,26,2.35
285,Benalla,AU,2021-09-30 21:07:12,-36.55,145.9833,53.98,96,21,4.16
286,Honiara,SB,2021-09-30 21:07:12,-9.4333,159.95,82.06,75,90,5.03
287,Atar,MR,2021-09-30 21:07:12,20.5169,-13.0499,95.81,12,1,6.04
288,Lucapa,AO,2021-09-30 21:07:13,-8.4192,20.7447,66.85,89,100,3.6
289,Dudinka,RU,2021-09-30 21:04:57,69.4058,86.1778,27.82,98,96,7.81
290,Koumac,NC,2021-09-30 21:07:13,-20.5667,164.2833,75.56,71,23,5.82
291,Alice Springs,AU,2021-09-30 21:07:14,-23.7,133.8833,56.75,30,0,4.61
292,Molteno,ZA,2021-09-30 21:07:14,-31.3968,26.3625,53.94,89,70,4.97
293,Hirado,JP,2021-09-30 21:07:14,33.3597,129.5531,76.35,84,78,20.04
294,Naranjal,EC,2021-09-30 21:07:15,-2.6667,-79.6167,82.63,64,69,6.35
295,Poum,NC,2021-09-30 21:06:05,-20.2333,164.0167,74.32,80,87,17.2
296,Mbaiki,CF,2021-09-30 21:07:15,3.8678,17.9892,70.52,99,100,3.85
297,Khandyga,RU,2021-09-30 21:03:20,62.6667,135.6,33.08,71,100,2.28
298,Aban,RU,2021-09-30 21:07:16,56.67,96.06,38.28,90,75,4.45
299,Morondava,MG,2021-09-30 21:07:16,-20.2833,44.2833,76.96,82,25,4.0
300,Sitka,US,2021-09-30 21:07:16,57.0531,-135.33,47.98,96,100,4.59
301,Tuktoyaktuk,CA,2021-09-30 21:07:17,69.4541,-133.0374,24.46,87,20,4.0
302,Qui Nhon,VN,2021-09-30 21:07:17,13.7667,109.2333,77.45,91,59,4.36
303,Shelburne,CA,2021-09-30 21:07:17,44.0787,-80.2041,61.75,72,0,8.81
304,Constantine,DZ,2021-09-30 21:07:18,36.365,6.6147,64.51,76,3,4.05
305,Margate,GB,2021-09-30 21:02:55,51.3813,1.3862,61.3,77,100,5.01
306,Krasnaya Poyma,RU,2021-09-30 21:07:18,55.0014,39.08,38.41,88,12,3.62
307,Campoalegre,CO,2021-09-30 21:07:19,2.6849,-75.3231,77.25,76,94,1.07
308,Katsuura,JP,2021-09-30 21:07:19,35.1333,140.3,70.11,95,100,26.6
309,Bacolod,PH,2021-09-30 21:07:19,10.6667,122.95,78.1,91,95,5.32
310,Bisira,PA,2021-09-30 21:07:19,8.5196,-81.7115,65.95,87,89,0.34
311,Statesboro,US,2021-09-30 21:03:20,32.4488,-81.7832,87.33,51,1,0.0
312,Price,US,2021-09-30 21:07:20,39.5994,-110.8107,61.72,32,74,7.16
313,Verkhnevilyuysk,RU,2021-09-30 21:07:20,63.4453,120.3167,24.06,88,92,4.23
314,Kawalu,ID,2021-09-30 21:07:21,-7.3817,108.2082,72.0,96,95,2.3
315,Bambous Virieux,MU,2021-09-30 21:02:58,-20.3428,57.7575,72.21,76,23,13.38
316,Necochea,AR,2021-09-30 21:03:48,-38.5473,-58.7368,65.03,82,72,6.08
317,Fortuna,US,2021-09-30 21:04:40,40.5982,-124.1573,80.19,63,1,5.99
318,Smithers,CA,2021-09-30 21:05:15,54.7804,-127.1743,52.54,66,100,6.78
319,Raudeberg,NO,2021-09-30 21:07:22,61.9875,5.1352,56.98,89,66,5.57
320,Aguimes,ES,2021-09-30 21:07:22,27.9054,-15.4461,72.23,79,20,26.46
321,Salalah,OM,2021-09-30 21:07:22,17.0151,54.0924,79.48,86,100,2.1
322,Zhigansk,RU,2021-09-30 21:04:03,66.7697,123.3711,27.23,71,81,4.0
323,Kokopo,PG,2021-09-30 21:07:23,-4.352,152.2633,78.42,83,100,3.76
324,Ternate,ID,2021-09-30 21:07:23,0.8,127.4,79.72,83,21,3.4
325,Morwell,AU,2021-09-30 21:07:23,-38.2333,146.4,55.4,99,98,1.39
326,Irbil,IQ,2021-09-30 21:04:44,36.1926,44.0106,76.95,30,0,1.92
327,Hamilton,US,2021-09-30 21:07:24,39.1834,-84.5333,80.78,49,1,1.01
328,Buala,SB,2021-09-30 21:04:46,-8.145,159.5921,81.16,80,100,5.97
329,Laminusa,PH,2021-09-30 21:07:26,5.5549,120.9136,82.6,77,32,5.21
330,Muros,ES,2021-09-30 21:07:26,42.7762,-9.0603,61.23,78,100,6.91
331,Bereda,ES,2021-09-30 21:07:27,43.2686,-7.5406,58.57,96,100,1.5
332,Amot,NO,2021-09-30 21:07:27,59.5714,7.9877,45.77,94,100,3.29
333,Vyartsilya,RU,2021-09-30 21:07:27,62.1764,30.693,38.23,97,30,4.05
334,Touho,NC,2021-09-30 21:07:28,-20.7833,165.2333,72.54,85,97,17.2
335,Abnub,EG,2021-09-30 21:07:28,27.2696,31.1511,80.04,38,0,10.96
336,Saint-Philippe,RE,2021-09-30 21:07:28,-21.3585,55.7679,71.19,80,46,12.19
337,Horta,PT,2021-09-30 21:02:35,38.5333,-28.6333,71.49,82,25,2.57
338,Bintulu,MY,2021-09-30 21:07:29,3.1667,113.0333,77.5,88,100,0.74
339,Samokov,BG,2021-09-30 21:07:29,42.3333,23.55,51.03,90,84,3.96
340,Jalu,LY,2021-09-30 21:07:30,29.0331,21.5482,76.62,57,36,13.11
341,Ales,FR,2021-09-30 21:07:30,44.1333,4.0833,59.7,53,0,4.63
342,Buta,CD,2021-09-30 21:07:30,2.7858,24.73,71.26,99,100,0.49
343,Sorong,ID,2021-09-30 21:07:31,-0.8833,131.25,80.08,79,43,1.99
344,Saint George,US,2021-09-30 21:06:47,37.1041,-113.5841,81.07,19,1,4.0
345,Hithadhoo,MV,2021-09-30 21:07:31,-0.6,73.0833,81.34,74,69,2.44
346,Port Hardy,CA,2021-09-30 21:03:22,50.6996,-127.4199,55.04,85,83,5.93
347,Portland,US,2021-09-30 21:03:00,45.5234,-122.6762,63.73,90,90,1.99
348,Dolgorukovo,RU,2021-09-30 21:07:32,52.3195,38.3453,41.32,82,12,5.19
349,Shenjiamen,CN,2021-09-30 21:07:32,29.9576,122.298,71.85,78,0,4.88
350,Bulgan,MN,2021-09-30 21:07:32,48.8125,103.5347,35.13,51,89,0.96
351,Trinidad,BO,2021-09-30 21:07:33,-14.8333,-64.9,97.3,31,79,7.23
352,Sampit,ID,2021-09-30 21:07:33,-2.5333,112.95,74.98,97,100,2.44
353,Lysyanka,UA,2021-09-30 21:07:33,49.2523,30.8295,43.95,58,13,5.93
354,Nipawin,CA,2021-09-30 21:07:34,53.3668,-104.0009,71.33,20,41,12.55
355,Russell,US,2021-09-30 21:07:34,32.3502,-85.1999,83.48,64,75,0.0
356,Princeton,US,2021-09-30 21:07:34,25.5384,-80.4089,88.0,66,1,9.22
357,Anchorage,US,2021-09-30 21:07:35,61.2181,-149.9003,45.43,58,69,1.99
358,Hvide Sande,DK,2021-09-30 21:07:35,56.0045,8.1294,55.09,90,100,30.09
359,Nanortalik,GL,2021-09-30 21:07:35,60.1432,-45.2371,37.18,57,0,5.41
360,Lorengau,PG,2021-09-30 21:07:36,-2.0226,147.2712,77.9,90,100,14.43
361,Havoysund,NO,2021-09-30 21:07:36,70.9963,24.6622,41.88,80,28,9.89
362,Corinth,GR,2021-09-30 21:07:36,37.9407,22.9573,69.76,54,4,5.12
363,Qaqortoq,GL,2021-09-30 21:03:17,60.7167,-46.0333,34.3,50,0,5.21
364,Hatsukaichi,JP,2021-09-30 21:07:37,34.35,132.3333,74.57,22,0,5.01
365,Airai,TL,2021-09-30 21:07:37,-8.9266,125.4092,59.74,57,69,2.48
366,Karasjok,NO,2021-09-30 21:07:38,69.4719,25.5112,42.91,78,99,10.02
367,Esperance,AU,2021-09-30 21:07:38,-33.8667,121.9,56.84,76,0,6.67
368,Moron,AR,2021-09-30 21:04:09,-34.6534,-58.6198,61.02,97,100,3.0
369,Bandarbeyla,SO,2021-09-30 21:07:38,9.4942,50.8122,79.39,79,100,22.88
370,Whitecourt,CA,2021-09-30 21:07:39,54.1502,-115.6855,66.09,40,100,10.11
371,Mutoko,ZW,2021-09-30 21:07:39,-17.397,32.2268,58.55,83,0,4.41
372,Sinnamary,GF,2021-09-30 21:07:39,5.3833,-52.95,81.91,76,30,9.13
373,Paamiut,GL,2021-09-30 21:07:40,61.994,-49.6678,36.9,68,0,25.14
374,Sungaipenuh,ID,2021-09-30 21:07:40,-2.0833,101.3833,63.52,93,100,0.92
375,Havre-Saint-Pierre,CA,2021-09-30 21:07:40,50.2334,-63.5986,43.16,93,90,16.11
376,Novaya Igirma,RU,2021-09-30 21:07:41,57.1334,103.9112,27.21,93,66,2.84
377,Aleksandrovka,UA,2021-09-30 21:07:41,46.8383,32.7612,48.7,48,0,7.23
378,Puerto Escondido,MX,2021-09-30 21:05:05,15.85,-97.0667,84.99,71,53,6.96
379,Buraydah,SA,2021-09-30 21:07:42,26.326,43.975,80.83,18,0,5.99
380,Naze,JP,2021-09-30 21:07:42,28.3667,129.4833,75.31,80,1,5.35
381,Yulara,AU,2021-09-30 21:07:42,-25.2406,130.9889,55.98,43,0,8.41
382,Jardim,BR,2021-09-30 21:07:43,-21.4803,-56.1381,101.75,19,52,9.91
383,Sabang,ID,2021-09-30 21:07:43,5.8933,95.3214,80.65,77,100,9.1
384,Kilindoni,TZ,2021-09-30 21:07:43,-7.9139,39.6668,77.36,77,12,15.32
385,Montepuez,MZ,2021-09-30 21:07:43,-13.1256,38.9997,70.75,84,8,7.34
386,Camocim,BR,2021-09-30 21:07:44,-2.9022,-40.8411,80.2,80,86,10.02
387,Paraiso,CR,2021-09-30 21:07:44,9.8383,-83.8656,69.42,90,94,2.39
388,Xinqing,CN,2021-09-30 21:07:45,48.2333,129.5,33.78,97,11,4.03
389,Port Lincoln,AU,2021-09-30 21:07:45,-34.7333,135.8667,54.86,70,100,13.94
390,Kudahuvadhoo,MV,2021-09-30 21:07:45,2.6708,72.8944,82.04,70,85,7.34
391,Villazon,BO,2021-09-30 21:07:46,-22.0866,-65.5942,70.36,12,78,11.68
392,Sao Joao Do Piaui,BR,2021-09-30 21:07:46,-8.3581,-42.2467,90.61,28,99,0.43
393,Akcakoca,TR,2021-09-30 21:07:46,41.0866,31.1162,55.99,83,46,7.02
394,Gizo,SB,2021-09-30 21:07:47,-8.103,156.8419,82.08,78,85,7.9
395,Isabela,PH,2021-09-30 21:07:47,6.7085,121.9711,78.37,86,72,2.3
396,Vila,PT,2021-09-30 21:07:48,42.0304,-8.1588,55.33,81,100,1.63
397,Mollendo,PE,2021-09-30 21:07:48,-17.0231,-72.0147,64.42,78,40,7.63
398,Utiel,ES,2021-09-30 21:07:48,39.5667,-1.2,65.19,88,62,3.65
399,Qeshm,IR,2021-09-30 21:07:49,26.9581,56.2719,85.89,78,54,3.24
400,Cabo San Lucas,MX,2021-09-30 21:05:19,22.8909,-109.9124,92.61,69,0,7.05
401,Altay,CN,2021-09-30 21:05:10,47.8667,88.1167,45.82,92,100,4.54
402,Doha,QA,2021-09-30 21:07:49,25.2867,51.5333,85.98,62,0,3.44
403,Berlevag,NO,2021-09-30 21:03:10,70.8578,29.0864,44.55,70,90,6.91
404,Porto Walter,BR,2021-09-30 21:07:50,-8.2686,-72.7439,83.48,59,100,2.37
405,Ahipara,NZ,2021-09-30 21:07:50,-35.1667,173.1667,58.08,62,52,8.86
406,Maniitsoq,GL,2021-09-30 21:07:50,65.4167,-52.9,35.64,60,97,5.19
407,Paoua,CF,2021-09-30 21:07:51,7.2427,16.4406,71.76,93,100,0.49
408,Mayo,US,2021-09-30 21:07:51,38.8876,-76.5119,75.24,60,20,8.99
409,Oudtshoorn,ZA,2021-09-30 21:07:51,-33.5907,22.2014,55.76,90,10,0.18
410,Weligama,LK,2021-09-30 21:07:52,5.9667,80.4167,77.54,91,87,8.52
411,George,ZA,2021-09-30 21:07:52,-33.963,22.4617,56.75,100,90,3.44
412,Usevya,TZ,2021-09-30 21:07:52,-7.1,31.2333,79.14,34,31,5.95
413,Vostok,RU,2021-09-30 21:07:53,46.4856,135.8833,38.79,94,80,1.57
414,Balkhash,KZ,2021-09-30 21:07:53,46.844,74.9804,44.6,54,74,13.4
415,Laguna,US,2021-09-30 21:07:53,38.421,-121.4238,90.43,22,1,1.01
416,Torbay,CA,2021-09-30 21:03:19,47.6666,-52.7314,60.76,99,90,2.3
417,Nisia Floresta,BR,2021-09-30 21:04:56,-6.0911,-35.2086,76.89,82,9,10.33
418,Saint-Augustin,CA,2021-09-30 21:07:54,51.226,-58.6502,44.83,93,100,28.23
419,Kutum,SD,2021-09-30 21:07:54,14.2,24.6667,79.25,21,3,14.43
420,Tombouctou,ML,2021-09-30 21:07:55,20.0,-3.0,92.7,20,44,5.79
421,Erenhot,CN,2021-09-30 21:05:19,43.6475,111.9767,44.46,36,84,6.64
422,Coihaique,CL,2021-09-30 21:07:55,-45.5752,-72.0662,43.05,68,71,9.4
423,Inverness,GB,2021-09-30 21:07:55,57.4791,-4.224,51.98,87,16,1.99
424,Jiaocheng,CN,2021-09-30 21:07:56,24.6774,116.1389,74.55,95,53,1.95
425,Port Hedland,AU,2021-09-30 21:07:56,-20.3167,118.5667,64.45,100,2,6.91
426,Belvidere,US,2021-09-30 21:07:56,42.2639,-88.8443,87.66,45,100,8.3
427,Lokomotivnyy,RU,2021-09-30 21:07:57,53.0118,60.5684,33.8,73,27,8.41
428,Northam,GB,2021-09-30 21:07:57,51.0333,-4.2167,62.22,96,100,18.21
429,Dakar,SN,2021-09-30 21:07:58,14.6937,-17.4441,81.48,78,29,10.18
430,Urbana,US,2021-09-30 21:03:59,40.1106,-88.2073,89.1,48,76,4.0
431,Namibe,AO,2021-09-30 21:07:58,-15.1961,12.1522,61.34,84,13,10.54
432,Naron,ES,2021-09-30 21:04:52,43.5167,-8.1528,63.01,86,100,1.19
433,Kuching,MY,2021-09-30 21:07:59,1.55,110.3333,75.42,100,40,3.44
434,Mwinilunga,ZM,2021-09-30 21:06:30,-11.7358,24.4293,68.76,59,83,2.73
435,Hammerfest,NO,2021-09-30 21:07:59,70.6634,23.6821,41.45,87,0,0.0
436,Rapid Valley,US,2021-09-30 21:07:59,44.0625,-103.1463,69.76,38,1,8.99
437,Outlook,CA,2021-09-30 21:06:53,51.5001,-107.0513,74.52,15,33,15.14
438,Beisfjord,NO,2021-09-30 21:08:00,68.3751,17.5988,47.05,82,80,8.57
439,Lavrentiya,RU,2021-09-30 21:08:00,65.5833,-171.0,32.47,80,37,16.31
440,Lompoc,US,2021-09-30 21:08:01,34.6391,-120.4579,93.22,23,1,12.66
441,Yantal,RU,2021-09-30 21:08:01,56.8471,105.2542,27.5,93,86,2.66
442,Amazar,RU,2021-09-30 21:08:01,53.858,120.875,27.25,85,43,3.29
443,Rantepao,ID,2021-09-30 21:08:02,-2.9701,119.8978,65.59,97,70,1.99
444,Koslan,RU,2021-09-30 21:08:02,63.4564,48.8989,44.04,97,100,3.22
445,Znamenskoye,RU,2021-09-30 21:08:02,57.1281,73.8282,36.82,82,100,6.22
446,Takoradi,GH,2021-09-30 21:08:03,4.8845,-1.7554,76.98,90,77,7.9
447,Banda Aceh,ID,2021-09-30 21:03:05,5.5577,95.3222,78.55,81,100,8.25
448,Forio,IT,2021-09-30 21:08:03,40.7342,13.8646,71.42,67,5,8.57
449,Beyneu,KZ,2021-09-30 21:08:04,45.3167,55.2,48.16,36,18,3.31
450,Laramie,US,2021-09-30 21:03:21,41.3114,-105.5911,55.09,57,75,4.0
451,Belaya Gora,RU,2021-09-30 21:08:04,68.5333,146.4167,19.72,77,18,9.91
452,Jizan,SA,2021-09-30 21:08:05,17.3333,42.6667,87.75,64,85,2.64
453,Qesarya,IL,2021-09-30 21:08:05,32.5189,34.9046,75.51,75,0,3.49
454,Antofagasta,CL,2021-09-30 21:03:21,-23.65,-70.4,60.35,77,27,7.81
455,Kindu,CD,2021-09-30 21:08:05,-2.95,25.95,71.08,97,100,1.36
456,Yarmouth,US,2021-09-30 21:08:06,41.7057,-70.2286,61.97,68,75,15.99
457,Fatehpur,IN,2021-09-30 21:08:06,25.9333,80.8,78.49,84,2,5.95
458,Mastic Beach,US,2021-09-30 21:08:06,40.7668,-72.8521,65.16,58,90,3.0
459,Verkhoyansk,RU,2021-09-30 21:08:07,67.5447,133.385,22.32,60,55,1.01
460,Varkaus,FI,2021-09-30 21:08:07,62.3153,27.873,44.71,80,56,4.38
461,Slave Lake,CA,2021-09-30 21:08:08,55.2834,-114.769,62.98,44,100,6.55
462,Huangnihe,CN,2021-09-30 21:08:08,43.5583,128.0239,40.55,90,67,4.76
463,Tuatapere,NZ,2021-09-30 21:08:08,-46.1333,167.6833,50.83,75,80,4.12
464,Turukhansk,RU,2021-09-30 21:08:09,65.8167,87.9833,34.63,83,100,7.74
465,Bilma,NE,2021-09-30 21:08:09,18.6853,12.9164,86.97,9,0,7.99
466,Arraial Do Cabo,BR,2021-09-30 21:05:02,-22.9661,-42.0278,69.8,88,4,11.74
467,Mount Isa,AU,2021-09-30 21:08:09,-20.7333,139.5,71.37,24,13,8.05
468,Gambela,ET,2021-09-30 21:08:10,8.25,34.5833,69.73,95,68,3.94
469,Bhinga,IN,2021-09-30 21:07:10,27.7167,81.9333,76.05,89,23,2.66
470,Ilulissat,GL,2021-09-30 21:08:10,69.2167,-51.1,28.42,50,75,2.3
471,Nadym,RU,2021-09-30 21:08:11,65.5333,72.5167,34.83,90,100,20.92
472,Bollnas,SE,2021-09-30 21:08:11,61.3482,16.3946,50.13,98,100,8.3
473,Saint-Joseph,RE,2021-09-30 21:08:12,-21.3667,55.6167,70.18,78,35,10.2
474,Saint Pete Beach,US,2021-09-30 21:08:12,27.7253,-82.7412,91.02,52,1,1.01
475,Lyngseidet,NO,2021-09-30 21:08:12,69.5763,20.2189,43.47,83,81,12.15
476,Kangasala,FI,2021-09-30 21:08:13,61.4638,24.076,46.98,76,100,9.08
477,Kinna,SE,2021-09-30 21:08:13,57.5073,12.6946,54.45,94,74,10.47
478,Sao Filipe,CV,2021-09-30 21:08:13,14.8961,-24.4956,79.43,79,81,3.74
479,Maxixe,MZ,2021-09-30 21:08:14,-23.8597,35.3472,69.17,89,1,6.11
480,Darab,IR,2021-09-30 21:08:14,28.7519,54.5444,78.62,21,100,1.57
481,Lar,IN,2021-09-30 21:08:14,26.2039,83.9717,76.1,86,100,8.97
482,Bijbiara,IN,2021-09-30 21:08:15,33.8,75.1,62.2,74,1,0.94
483,Sarkand,KZ,2021-09-30 21:08:15,45.41,79.9186,49.33,89,100,8.63
484,Tulun,RU,2021-09-30 21:08:16,54.5611,100.5792,30.56,87,63,4.05
485,Gbarnga,LR,2021-09-30 21:08:16,6.9956,-9.4722,71.71,99,39,2.06
486,Zhangjiakou,CN,2021-09-30 21:05:35,40.81,114.8794,49.66,39,11,6.13
487,High Level,CA,2021-09-30 21:08:16,58.5169,-117.136,63.57,37,9,11.07
488,Cachoeira Do Sul,BR,2021-09-30 21:07:37,-30.0392,-52.8939,66.43,90,100,9.01
489,Zawiercie,PL,2021-09-30 21:08:17,50.4877,19.4168,50.05,97,30,2.44
490,Adrar,MR,2021-09-30 21:05:01,20.5022,-10.0711,92.64,10,1,6.89
491,Oussouye,SN,2021-09-30 21:08:17,12.485,-16.5469,79.97,83,37,6.8
492,Puerto Carreno,CO,2021-09-30 21:08:18,6.189,-67.4859,85.96,67,94,1.03
493,Xai-Xai,MZ,2021-09-30 21:08:18,-25.0519,33.6442,69.85,82,29,8.25
494,Vao,NC,2021-09-30 21:08:18,-22.6667,167.4833,70.59,84,76,23.0
495,Erdenet,MN,2021-09-30 21:08:19,49.0333,104.0833,32.36,45,48,0.89
496,Heyang,CN,2021-09-30 21:08:19,26.1011,107.473,66.22,95,2,1.54
497,Bozdar,PK,2021-09-30 21:08:19,27.1828,68.636,82.53,68,100,7.78
498,Chalchihuites,MX,2021-09-30 21:08:20,23.4833,-103.8833,71.02,51,65,2.75
499,Alta Floresta,BR,2021-09-30 21:08:20,-9.8756,-56.0861,78.31,72,72,8.21
500,Angoche,MZ,2021-09-30 21:08:21,-16.2325,39.9086,75.06,82,0,5.26
501,Meulaboh,ID,2021-09-30 21:08:21,4.1363,96.1285,75.72,92,100,8.86
502,Baijiantan,CN,2021-09-30 21:08:21,45.6333,85.1833,63.97,45,100,5.95
503,Constitucion,CL,2021-09-30 21:08:22,-35.3333,-72.4167,55.24,58,9,13.82
504,Rio Claro,BR,2021-09-30 21:08:22,-22.4114,-47.5614,73.8,37,3,11.21
505,Riyadh,SA,2021-09-30 21:06:12,24.6877,46.7219,83.75,12,84,3.2
506,Meadow Lake,US,2021-09-30 21:08:22,34.8014,-106.5436,56.97,47,100,14.88
507,Afua,BR,2021-09-30 21:08:23,-0.1567,-50.3867,84.47,63,23,7.54
508,Kaberamaido,UG,2021-09-30 21:08:23,1.7389,33.1594,66.36,92,85,3.62
509,Dwarka,IN,2021-09-30 21:08:23,22.2394,68.9678,80.98,87,100,21.3
510,Palma Del Rio,ES,2021-09-30 21:08:24,37.7002,-5.2812,77.07,39,12,1.1
511,Lagos,NG,2021-09-30 21:06:26,6.5833,3.75,76.46,90,100,2.55
512,Malangwa,NP,2021-09-30 21:08:24,26.8568,85.5581,76.98,86,100,3.96
513,De Aar,ZA,2021-09-30 21:08:25,-30.6497,24.0123,59.25,48,87,11.56
514,Chaska,US,2021-09-30 21:08:25,44.7894,-93.6022,83.61,64,40,1.01
515,Staunton,US,2021-09-30 21:07:32,38.1496,-79.0717,76.24,34,1,1.99
516,Ayorou,NE,2021-09-30 21:08:09,14.7308,0.9174,82.31,62,90,8.21
517,Kodinar,IN,2021-09-30 21:06:12,20.7903,70.7031,79.68,88,100,11.54
518,Odweyne,SO,2021-09-30 21:08:26,9.4092,45.064,76.87,56,93,11.45
519,Jilin,CN,2021-09-30 21:03:29,43.0,126.0,42.1,87,0,4.07
520,Rocha,UY,2021-09-30 21:08:26,-34.4833,-54.3333,59.23,90,100,6.98
521,Ballachulish,GB,2021-09-30 21:08:27,56.6774,-5.1308,51.42,94,98,4.36
522,Aizpute,LV,2021-09-30 21:08:27,56.7167,21.6,49.23,97,97,6.4
523,Touros,BR,2021-09-30 21:04:58,-5.1989,-35.4608,78.35,77,4,16.02
524,Torrington,US,2021-09-30 21:08:27,41.8007,-73.1212,60.75,74,92,1.01
525,Trairi,BR,2021-09-30 21:07:38,-3.2778,-39.2689,79.38,82,66,11.03
526,Katsina,NG,2021-09-30 21:08:28,12.9894,7.6006,84.78,36,12,5.5
527,Stephenville,US,2021-09-30 21:08:28,32.2207,-98.2023,90.93,49,1,6.91
528,Grand Baie,MU,2021-09-30 21:08:28,-20.0182,57.5802,72.45,73,8,8.01
529,Kongolo,CD,2021-09-30 21:08:29,-5.3833,27.0,71.76,85,100,2.13
530,Ust-Omchug,RU,2021-09-30 21:08:29,61.15,149.6333,22.95,96,100,4.5
531,Te Anau,NZ,2021-09-30 21:08:29,-45.4167,167.7167,46.6,79,47,1.03
532,Port Hawkesbury,CA,2021-09-30 21:06:58,45.6169,-61.3485,61.92,95,90,1.01
533,Nova Zagora,BG,2021-09-30 21:08:30,42.4833,26.0167,55.99,72,100,5.48
534,Sao Joao Da Barra,BR,2021-09-30 21:08:30,-21.6403,-41.0511,73.49,81,63,14.38
535,Beitbridge,ZW,2021-09-30 21:08:31,-22.2167,30.0,69.01,74,17,19.77
536,Talnakh,RU,2021-09-30 21:08:31,69.4865,88.3972,30.56,99,100,4.09
537,Yar-Sale,RU,2021-09-30 21:08:31,66.8333,70.8333,35.1,78,87,21.41
538,Chapais,CA,2021-09-30 21:08:32,49.7834,-74.8492,51.17,60,100,6.4
539,Teknaf,BD,2021-09-30 21:08:32,20.8624,92.3058,77.63,87,11,5.17
540,Rongcheng,CN,2021-09-30 21:08:32,30.634,117.8517,69.13,93,0,1.79
541,Qatana,SY,2021-09-30 21:08:33,33.4354,36.0815,65.21,52,0,2.24
542,Livingstone,ZM,2021-09-30 21:08:33,-17.8419,25.8543,76.77,33,1,4.65
543,Grand Island,US,2021-09-30 21:08:33,40.925,-98.342,62.38,80,90,3.0
544,Zyryanka,RU,2021-09-30 21:08:34,65.75,150.85,25.21,57,100,8.16
545,Celestun,MX,2021-09-30 21:08:34,20.8667,-90.4,86.88,66,91,14.63
546,Amalapuram,IN,2021-09-30 21:08:34,16.5833,82.0167,76.86,91,5,2.8
547,Tumpat,MY,2021-09-30 21:08:35,6.1978,102.171,77.95,90,92,4.07
548,Arrifes,PT,2021-09-30 21:08:35,37.7667,-25.7,71.24,83,20,2.3
549,Maragogi,BR,2021-09-30 21:08:35,-9.0122,-35.2225,75.36,87,25,8.3
550,Sioux Lookout,CA,2021-09-30 21:08:36,50.1001,-91.917,79.39,48,76,7.16
551,Los Llanos De Aridane,ES,2021-09-30 21:03:39,28.6585,-17.9182,72.12,83,90,18.41
552,Ilawa,PL,2021-09-30 21:08:36,53.596,19.5685,48.78,71,84,6.42
553,Acarau,BR,2021-09-30 21:03:56,-2.8856,-40.12,79.97,81,62,13.85
554,Okhotsk,RU,2021-09-30 21:08:37,59.3833,143.3,34.23,97,100,18.84
555,Kropotkin,RU,2021-09-30 21:08:37,45.4375,40.5756,47.62,50,5,18.52
556,Coahuayana,MX,2021-09-30 21:04:46,18.7333,-103.6833,86.94,70,100,5.86
557,Rio Branco,BR,2021-09-30 21:03:56,-9.9747,-67.81,76.62,83,100,4.21
558,Ous,RU,2021-09-30 21:08:38,60.9058,61.5186,35.94,87,78,8.39
559,Acapulco,MX,2021-09-30 21:08:18,16.8634,-99.8901,87.62,70,40,4.61
560,Henties Bay,NA,2021-09-30 21:08:38,-22.116,14.2845,55.85,82,100,12.26
561,Mizdah,LY,2021-09-30 21:08:39,31.4451,12.9801,66.52,74,0,8.19
562,Gornyy,RU,2021-09-30 21:08:39,55.1153,83.9059,36.79,96,100,6.76
563,Chara,RU,2021-09-30 21:08:39,56.9064,118.2631,27.82,72,98,2.37
564,Pevek,RU,2021-09-30 21:08:40,69.7008,170.3133,27.39,87,100,11.86
565,Abu Dhabi,AE,2021-09-30 21:08:40,24.4667,54.3667,87.91,84,0,3.44
566,Santa Isabel Do Rio Negro,BR,2021-09-30 21:08:40,-0.4139,-65.0192,82.09,73,100,1.61
567,North Platte,US,2021-09-30 21:06:37,41.1239,-100.7654,66.09,57,90,7.0
568,Guhagar,IN,2021-09-30 21:08:41,17.4842,73.1929,75.54,93,100,4.47
569,Rawson,AR,2021-09-30 21:08:41,-43.3002,-65.1023,63.88,23,87,30.69
570,Soe,ID,2021-09-30 21:08:42,-9.8607,124.284,64.78,74,11,3.69
571,Joensuu,FI,2021-09-30 21:08:42,62.6012,29.7632,44.28,86,90,5.75
572,Labuhan,ID,2021-09-30 21:08:42,-6.8844,112.2051,78.3,78,17,11.95
573,Dhanwar,IN,2021-09-30 21:08:43,24.4167,85.9833,72.66,96,100,13.35
574,Palu,ID,2021-09-30 21:08:43,-0.8917,119.8707,75.42,95,87,2.8
575,Fairbanks,US,2021-09-30 21:05:55,64.8378,-147.7164,33.6,71,99,4.38
576,Berdigestyakh,RU,2021-09-30 21:08:43,62.0989,126.6992,29.43,70,100,5.37
577,Snasa,NO,2021-09-30 21:08:44,64.2457,12.3778,49.21,78,70,15.82
578,Ongandjera,NA,2021-09-30 21:08:44,-17.8833,15.0667,72.64,17,1,18.41
579,Tigil,RU,2021-09-30 21:08:44,57.8,158.6667,37.36,91,100,10.56
580,Rumonge,BI,2021-09-30 21:08:45,-3.9736,29.4386,77.72,60,92,4.38
581,Monrovia,LR,2021-09-30 21:05:38,6.3005,-10.7969,78.57,85,99,7.25
582,Pandan,PH,2021-09-30 21:08:45,14.0453,124.1694,79.95,82,90,3.74
583,Tecoanapa,MX,2021-09-30 21:04:13,16.5167,-98.75,84.6,70,15,8.34
584,Faya,SA,2021-09-30 21:08:46,18.3851,42.4509,64.92,34,87,5.19
585,Saint-Michel-Des-Saints,CA,2021-09-30 21:08:46,46.6834,-73.9159,52.93,69,75,4.74
